date,time,symbol,price,change,change_pct,volume
2026-03-24,06:54:41,RELIANCE.BSE,N/A,N/A,N/A,N/A
2026-03-24,06:54:41,TCS.BSE,N/A,N/A,N/A,N/A
2026-03-24,06:54:41,INFY.BSE,N/A,N/A,N/A,N/A
2026-03-24,06:54:41,WIPRO.BSE,N/A,N/A,N/A,N/A
2026-03-24,06:54:41,HDFCBANK.BSE,N/A,N/A,N/A,N/A
2026-03-24,07:30:20,RELIANCE.BSE,0.0,0.0,0.0,0.0,N/A
2026-03-24,07:30:20,TCS.BSE,0.0,0.0,0.0,0.0,N/A
2026-03-24,07:30:20,INFY.BSE,0.0,0.0,0.0,0.0,N/A
2026-03-24,07:30:20,WIPRO.BSE,0.0,0.0,0.0,0.0,N/A
2026-03-24,07:30:20,HDFCBANK.BSE,0.0,0.0,0.0,0.0,N/A
2026-03-24,08:52:54,RELIANCE.BSE,0.0,0.0,0.0,0.0,N/A
2026-03-24,08:52:54,TCS.BSE,0.0,0.0,0.0,0.0,N/A
2026-03-24,08:52:54,INFY.BSE,0.0,0.0,0.0,0.0,N/A
2026-03-24,08:52:54,WIPRO.BSE,0.0,0.0,0.0,0.0,N/A
2026-03-24,08:52:54,HDFCBANK.BSE,0.0,0.0,0.0,0.0,N/A
2026-03-24,09:00:48,RELIANCE.NS,Reliance Industries,1409.7,1407.8,1.9,0.13
2026-03-24,09:00:48,TCS.NS,TCS,2400.5,2383.8,16.7,0.7
2026-03-24,09:00:48,INFY.NS,Infosys,1286.2,1256.8,29.4,2.34
2026-03-24,09:00:48,WIPRO.NS,Wipro,189.34,187.54,1.8,0.96
2026-03-24,09:00:48,HDFCBANK.NS,HDFC Bank,767.05,744.15,22.9,3.08
2026-03-25,05:41:30,RELIANCE.NS,Reliance Industries,1428.0,1411.8,16.2,1.15
2026-03-25,05:41:30,TCS.NS,TCS,2420.7,2398.8,21.9,0.91
2026-03-25,05:41:30,INFY.NS,Infosys,1289.9,1278.3,11.6,0.91
2026-03-25,05:41:30,WIPRO.NS,Wipro,190.46,188.74,1.72,0.91
2026-03-25,05:41:30,HDFCBANK.NS,HDFC Bank,791.1,764.9,26.2,3.43
2026-03-26,05:54:15,RELIANCE.NS,Reliance Industries,1413.1,1411.8,1.3,0.09
2026-03-26,05:54:15,TCS.NS,TCS,2377.4,2398.8,-21.4,-0.89
2026-03-26,05:54:15,INFY.NS,Infosys,1279.1,1278.3,0.8,0.06
2026-03-26,05:54:16,WIPRO.NS,Wipro,189.05,188.74,0.31,0.16
2026-03-26,05:54:16,HDFCBANK.NS,HDFC Bank,782.3,764.9,17.4,2.27
2026-03-27,05:54:15,RELIANCE.NS,Reliance Industries,1366.4,1413.1,-46.7,-3.3
2026-03-27,05:54:15,TCS.NS,TCS,2408.5,2377.4,31.1,1.31
2026-03-27,05:54:15,INFY.NS,Infosys,1273.2,1279.1,-5.9,-0.46
2026-03-27,05:54:15,WIPRO.NS,Wipro,190.36,189.05,1.31,0.69
2026-03-27,05:54:15,HDFCBANK.NS,HDFC Bank,760.45,782.3,-21.85,-2.79
2026-03-30,06:12:28,RELIANCE.NS,Reliance Industries,1345.6,1348.1,-2.5,-0.19
2026-03-30,06:12:28,TCS.NS,TCS,2376.0,2389.8,-13.8,-0.58
2026-03-30,06:12:29,INFY.NS,Infosys,1259.6,1269.7,-10.1,-0.8
2026-03-30,06:12:29,WIPRO.NS,Wipro,190.87,191.6,-0.73,-0.38
2026-03-30,06:12:29,HDFCBANK.NS,HDFC Bank,742.65,756.2,-13.55,-1.79
2026-03-31,05:57:51,RELIANCE.NS,Reliance Industries,1343.9,1348.1,-4.2,-0.31
2026-03-31,05:57:51,TCS.NS,TCS,2358.9,2389.8,-30.9,-1.29
2026-03-31,05:57:51,INFY.NS,Infosys,1250.6,1269.7,-19.1,-1.5
2026-03-31,05:57:52,WIPRO.NS,Wipro,187.64,191.6,-3.96,-2.07
2026-03-31,05:57:52,HDFCBANK.NS,HDFC Bank,731.55,756.2,-24.65,-3.26
2026-04-01,06:08:22,RELIANCE.NS,Reliance Industries,1374.9,1343.9,31.0,2.31
2026-04-01,06:08:22,TCS.NS,TCS,2448.4,2358.9,89.5,3.79
2026-04-01,06:08:23,INFY.NS,Infosys,1292.1,1250.6,41.5,3.32
2026-04-01,06:08:23,WIPRO.NS,Wipro,192.85,187.64,5.21,2.78
2026-04-01,06:08:23,HDFCBANK.NS,HDFC Bank,747.0,731.55,15.45,2.11
2026-04-02,05:53:51,RELIANCE.NS,Reliance Industries,1339.4,1369.2,-29.8,-2.18
2026-04-02,05:53:51,TCS.NS,TCS,2406.2,2408.2,-2.0,-0.08
2026-04-02,05:53:51,INFY.NS,Infosys,1267.2,1275.7,-8.5,-0.67
2026-04-02,05:53:51,WIPRO.NS,Wipro,190.66,191.18,-0.52,-0.27
2026-04-02,05:53:51,HDFCBANK.NS,HDFC Bank,731.7,742.25,-10.55,-1.42
2026-04-03,05:53:45,RELIANCE.NS,Reliance Industries,1350.5,1369.2,-18.7,-1.37
2026-04-03,05:53:45,TCS.NS,TCS,2450.7,2408.2,42.5,1.76
2026-04-03,05:53:45,INFY.NS,Infosys,1300.8,1275.7,25.1,1.97
2026-04-03,05:53:45,WIPRO.NS,Wipro,194.91,191.18,3.73,1.95
2026-04-03,05:53:45,HDFCBANK.NS,HDFC Bank,750.9,742.25,8.65,1.17
2026-04-06,06:13:29,RELIANCE.NS,Reliance Industries,1300.2,1350.5,-50.3,-3.72
2026-04-06,06:13:29,TCS.NS,TCS,2456.1,2450.7,5.4,0.22
2026-04-06,06:13:29,INFY.NS,Infosys,1309.9,1300.8,9.1,0.7
2026-04-06,06:13:29,WIPRO.NS,Wipro,196.51,194.91,1.6,0.82
2026-04-06,06:13:29,HDFCBANK.NS,HDFC Bank,756.0,750.9,5.1,0.68
2026-04-07,05:59:43,RELIANCE.NS,Reliance Industries,1294.7,1304.7,-10.0,-0.77
2026-04-07,05:59:43,TCS.NS,TCS,2532.0,2473.9,58.1,2.35
2026-04-07,05:59:43,INFY.NS,Infosys,1335.2,1306.2,29.0,2.22
2026-04-07,05:59:43,WIPRO.NS,Wipro,203.61,197.29,6.32,3.2
2026-04-07,05:59:43,HDFCBANK.NS,HDFC Bank,768.05,771.0,-2.95,-0.38
2026-04-08,06:01:50,RELIANCE.NS,Reliance Industries,1345.0,1304.6,40.4,3.1
2026-04-08,06:01:50,TCS.NS,TCS,2561.6,2539.8,21.8,0.86
2026-04-08,06:01:50,INFY.NS,Infosys,1335.8,1339.4,-3.6,-0.27
2026-04-08,06:01:50,WIPRO.NS,Wipro,203.34,204.72,-1.38,-0.67
2026-04-08,06:01:50,HDFCBANK.NS,HDFC Bank,808.5,772.0,36.5,4.73
2026-04-09,06:00:58,RELIANCE.NS,Reliance Industries,1339.3,1347.8,-8.5,-0.63
2026-04-09,06:00:58,TCS.NS,TCS,2582.2,2559.2,23.0,0.9
2026-04-09,06:00:58,INFY.NS,Infosys,1321.6,1346.2,-24.6,-1.83
2026-04-09,06:00:59,WIPRO.NS,Wipro,203.68,203.42,0.26,0.13
2026-04-09,06:00:59,HDFCBANK.NS,HDFC Bank,803.85,816.1,-12.25,-1.5
2026-04-10,06:12:59,RELIANCE.NS,Reliance Industries,1345.8,1330.0,15.8,1.19
2026-04-10,06:12:59,TCS.NS,TCS,2504.9,2589.0,-84.1,-3.25
2026-04-10,06:13:00,INFY.NS,Infosys,1284.8,1331.6,-46.8,-3.51
2026-04-10,06:13:00,WIPRO.NS,Wipro,201.38,202.87,-1.49,-0.73
2026-04-10,06:13:00,HDFCBANK.NS,HDFC Bank,808.0,797.7,10.3,1.29
2026-04-13,06:29:06,RELIANCE.NS,Reliance Industries,1318.0,1350.2,-32.2,-2.38
2026-04-13,06:29:06,TCS.NS,TCS,2481.3,2524.3,-43.0,-1.7
2026-04-13,06:29:06,INFY.NS,Infosys,1274.2,1292.5,-18.3,-1.42
2026-04-13,06:29:06,WIPRO.NS,Wipro,202.4,204.88,-2.48,-1.21
2026-04-13,06:29:07,HDFCBANK.NS,HDFC Bank,790.0,810.3,-20.3,-2.51
2026-04-14,06:14:20,RELIANCE.NS,Reliance Industries,1315.1,1350.2,-35.1,-2.6
2026-04-14,06:14:20,TCS.NS,TCS,2472.6,2524.3,-51.7,-2.05
2026-04-14,06:14:21,INFY.NS,Infosys,1276.8,1292.5,-15.7,-1.21
2026-04-14,06:14:21,WIPRO.NS,Wipro,202.97,204.88,-1.91,-0.93
2026-04-14,06:14:21,HDFCBANK.NS,HDFC Bank,794.7,810.3,-15.6,-1.93
2026-04-15,06:14:47,RELIANCE.NS,Reliance Industries,1340.1,1315.1,25.0,1.9
2026-04-15,06:14:47,TCS.NS,TCS,2545.0,2472.6,72.4,2.93
2026-04-15,06:14:47,INFY.NS,Infosys,1304.6,1276.8,27.8,2.18
2026-04-15,06:14:47,WIPRO.NS,Wipro,207.75,202.97,4.78,2.36
2026-04-15,06:14:47,HDFCBANK.NS,HDFC Bank,808.9,794.7,14.2,1.79
2026-04-16,06:16:35,RELIANCE.NS,Reliance Industries,1336.9,1344.1,-7.2,-0.54
2026-04-16,06:16:35,TCS.NS,TCS,2572.0,2554.9,17.1,0.67
2026-04-16,06:16:35,INFY.NS,Infosys,1318.7,1305.3,13.4,1.03
2026-04-16,06:16:35,WIPRO.NS,Wipro,208.9,209.75,-0.85,-0.41
2026-04-16,06:16:35,HDFCBANK.NS,HDFC Bank,805.2,809.9,-4.7,-0.58
2026-04-17,06:16:53,RELIANCE.NS,Reliance Industries,1364.6,1343.3,21.3,1.59
2026-04-17,06:16:53,TCS.NS,TCS,2573.1,2576.9,-3.8,-0.15
2026-04-17,06:16:53,INFY.NS,Infosys,1314.0,1319.2,-5.2,-0.39
2026-04-17,06:16:53,WIPRO.NS,Wipro,204.5,210.26,-5.76,-2.74
2026-04-17,06:16:53,HDFCBANK.NS,HDFC Bank,801.0,795.45,5.55,0.7
2026-04-20,06:29:39,RELIANCE.NS,Reliance Industries,1360.8,1365.0,-4.2,-0.31
2026-04-20,06:29:39,TCS.NS,TCS,2576.0,2581.5,-5.5,-0.21
2026-04-20,06:29:39,INFY.NS,Infosys,1312.3,1318.7,-6.4,-0.49
2026-04-20,06:29:40,WIPRO.NS,Wipro,203.01,204.32,-1.31,-0.64
2026-04-20,06:29:40,HDFCBANK.NS,HDFC Bank,795.6,799.9,-4.3,-0.54
2026-04-21,06:17:25,RELIANCE.NS,Reliance Industries,1362.2,1363.3,-1.1,-0.08
2026-04-21,06:17:25,TCS.NS,TCS,2598.7,2579.6,19.1,0.74
2026-04-21,06:17:25,INFY.NS,Infosys,1322.0,1312.6,9.4,0.72
2026-04-21,06:17:25,WIPRO.NS,Wipro,205.15,202.48,2.67,1.32
2026-04-21,06:17:25,HDFCBANK.NS,HDFC Bank,807.5,795.45,12.05,1.51
2026-04-22,06:16:25,RELIANCE.NS,Reliance Industries,1362.0,1353.3,8.7,0.64
2026-04-22,06:16:25,TCS.NS,TCS,2536.5,2610.5,-74.0,-2.83
2026-04-22,06:16:25,INFY.NS,Infosys,1258.2,1313.2,-55.0,-4.19
2026-04-22,06:16:25,WIPRO.NS,Wipro,203.29,205.01,-1.72,-0.84
2026-04-22,06:16:25,HDFCBANK.NS,HDFC Bank,803.65,811.75,-8.1,-1.0
2026-04-23,06:20:01,RELIANCE.NS,Reliance Industries,1347.2,1362.1,-14.9,-1.09
2026-04-23,06:20:01,TCS.NS,TCS,2554.5,2538.5,16.0,0.63
2026-04-23,06:20:01,INFY.NS,Infosys,1258.1,1268.6,-10.5,-0.83
2026-04-23,06:20:01,WIPRO.NS,Wipro,204.35,204.0,0.35,0.17
2026-04-23,06:20:01,HDFCBANK.NS,HDFC Bank,787.1,799.9,-12.8,-1.6
2026-04-24,06:22:46,RELIANCE.NS,Reliance Industries,1333.6,1343.4,-9.8,-0.73
2026-04-24,06:22:47,TCS.NS,TCS,2409.1,2521.8,-112.7,-4.47
2026-04-24,06:22:47,INFY.NS,Infosys,1169.7,1240.6,-70.9,-5.71
2026-04-24,06:22:47,WIPRO.NS,Wipro,199.05,202.76,-3.71,-1.83
2026-04-24,06:22:47,HDFCBANK.NS,HDFC Bank,785.2,784.35,0.85,0.11
2026-04-27,06:43:47,RELIANCE.NS,Reliance Industries,1341.9,1327.8,14.1,1.06
2026-04-27,06:43:47,TCS.NS,TCS,2450.5,2396.9,53.6,2.24
2026-04-27,06:43:47,INFY.NS,Infosys,1175.5,1154.6,20.9,1.81
2026-04-27,06:43:47,WIPRO.NS,Wipro,202.92,199.36,3.56,1.79
2026-04-27,06:43:47,HDFCBANK.NS,HDFC Bank,786.6,784.85,1.75,0.22
2026-04-28,07:11:26,RELIANCE.NS,Reliance Industries,1376.1,1365.8,10.3,0.75
2026-04-28,07:11:26,TCS.NS,TCS,2446.4,2447.6,-1.2,-0.05
2026-04-28,07:11:26,INFY.NS,Infosys,1153.7,1170.3,-16.6,-1.42
2026-04-28,07:11:27,WIPRO.NS,Wipro,204.04,205.05,-1.01,-0.49
2026-04-28,07:11:27,HDFCBANK.NS,HDFC Bank,786.25,789.8,-3.55,-0.45
2026-04-29,06:40:52,RELIANCE.NS,Reliance Industries,1421.9,1388.9,33.0,2.38
2026-04-29,06:40:52,TCS.NS,TCS,2481.0,2444.7,36.3,1.48
2026-04-29,06:40:52,INFY.NS,Infosys,1176.9,1152.1,24.8,2.15
2026-04-29,06:40:52,WIPRO.NS,Wipro,202.0,201.58,0.42,0.21
2026-04-29,06:40:52,HDFCBANK.NS,HDFC Bank,785.8,782.55,3.25,0.42
2026-04-30,06:44:58,RELIANCE.NS,Reliance Industries,1412.3,1425.4,-13.1,-0.92
2026-04-30,06:44:58,TCS.NS,TCS,2457.0,2474.7,-17.7,-0.72
2026-04-30,06:44:58,INFY.NS,Infosys,1175.8,1167.5,8.3,0.71
2026-04-30,06:44:58,WIPRO.NS,Wipro,201.37,200.68,0.69,0.34
2026-04-30,06:44:58,HDFCBANK.NS,HDFC Bank,770.1,779.0,-8.9,-1.14
2026-05-01,07:10:17,RELIANCE.NS,Reliance Industries,1436.0,1425.4,10.6,0.74
2026-05-01,07:10:17,TCS.NS,TCS,2474.8,2474.7,0.1,0.0
2026-05-01,07:10:18,INFY.NS,Infosys,1182.6,1167.5,15.1,1.29
2026-05-01,07:10:18,WIPRO.NS,Wipro,201.2,200.68,0.52,0.26
2026-05-01,07:10:18,HDFCBANK.NS,HDFC Bank,774.75,779.0,-4.25,-0.55
2026-05-04,07:29:29,RELIANCE.NS,Reliance Industries,1461.6,1430.8,30.8,2.15
2026-05-04,07:29:29,TCS.NS,TCS,2429.4,2473.9,-44.5,-1.8
2026-05-04,07:29:29,INFY.NS,Infosys,1169.6,1181.8,-12.2,-1.03
2026-05-04,07:29:29,WIPRO.NS,Wipro,200.64,200.65,-0.01,-0.0
2026-05-04,07:29:29,HDFCBANK.NS,HDFC Bank,776.6,771.7,4.9,0.63
2026-05-05,06:31:41,RELIANCE.NS,Reliance Industries,1454.5,1463.1,-8.6,-0.59
2026-05-05,06:31:41,TCS.NS,TCS,2434.3,2431.3,3.0,0.12
2026-05-05,06:31:42,INFY.NS,Infosys,1172.8,1168.4,4.4,0.38
2026-05-05,06:31:42,WIPRO.NS,Wipro,199.9,200.75,-0.85,-0.42
2026-05-05,06:31:42,HDFCBANK.NS,HDFC Bank,765.6,779.4,-13.8,-1.77
2026-05-06,07:12:46,RELIANCE.NS,Reliance Industries,1434.4,1463.6,-29.2,-2.0
2026-05-06,07:12:46,TCS.NS,TCS,2420.2,2427.3,-7.1,-0.29
2026-05-06,07:12:46,INFY.NS,Infosys,1171.0,1178.1,-7.1,-0.6
2026-05-06,07:12:46,WIPRO.NS,Wipro,198.87,199.78,-0.91,-0.46
2026-05-06,07:12:46,HDFCBANK.NS,HDFC Bank,776.35,772.3,4.05,0.52
2026-05-07,07:22:17,RELIANCE.NS,Reliance Industries,1445.1,1437.9,7.2,0.5
2026-05-07,07:22:17,TCS.NS,TCS,2414.4,2435.4,-21.0,-0.86
2026-05-07,07:22:17,INFY.NS,Infosys,1171.5,1167.2,4.3,0.37
2026-05-07,07:22:17,WIPRO.NS,Wipro,197.91,199.12,-1.21,-0.61
2026-05-07,07:22:17,HDFCBANK.NS,HDFC Bank,797.5,796.55,0.95,0.12
2026-05-08,06:12:29,RELIANCE.NS,Reliance Industries,1427.4,1436.2,-8.8,-0.61
2026-05-08,06:12:29,TCS.NS,TCS,2378.7,2401.4,-22.7,-0.95
2026-05-08,06:12:29,INFY.NS,Infosys,1170.0,1162.7,7.3,0.63
2026-05-08,06:12:29,WIPRO.NS,Wipro,197.35,197.36,-0.01,-0.01
2026-05-08,06:12:30,HDFCBANK.NS,HDFC Bank,781.6,796.05,-14.45,-1.82
2026-05-11,07:58:30,RELIANCE.NS,Reliance Industries,1402.2,1435.2,-33.0,-2.3
2026-05-11,07:58:30,TCS.NS,TCS,2409.0,2394.4,14.6,0.61
2026-05-11,07:58:30,INFY.NS,Infosys,1183.6,1179.2,4.4,0.37
2026-05-11,07:58:30,WIPRO.NS,Wipro,197.95,197.91,0.04,0.02
2026-05-11,07:58:30,HDFCBANK.NS,HDFC Bank,770.4,780.85,-10.45,-1.34
2026-05-12,07:21:02,RELIANCE.NS,Reliance Industries,1380.7,1388.2,-7.5,-0.54
2026-05-12,07:21:02,TCS.NS,TCS,2299.7,2392.9,-93.2,-3.89
2026-05-12,07:21:02,INFY.NS,Infosys,1131.6,1177.0,-45.4,-3.86
2026-05-12,07:21:02,WIPRO.NS,Wipro,190.7,196.68,-5.98,-3.04
2026-05-12,07:21:02,HDFCBANK.NS,HDFC Bank,752.75,763.65,-10.9,-1.43
2026-05-13,07:33:27,RELIANCE.NS,Reliance Industries,1368.3,1364.0,4.3,0.32
2026-05-13,07:33:27,TCS.NS,TCS,2285.0,2300.3,-15.3,-0.67
2026-05-13,07:33:28,INFY.NS,Infosys,1134.1,1140.3,-6.2,-0.54
2026-05-13,07:33:28,WIPRO.NS,Wipro,188.87,189.57,-0.7,-0.37
2026-05-13,07:33:28,HDFCBANK.NS,HDFC Bank,759.2,750.45,8.75,1.17
2026-05-14,07:26:38,RELIANCE.NS,Reliance Industries,1368.6,1358.8,9.8,0.72
2026-05-14,07:26:38,TCS.NS,TCS,2213.5,2272.8,-59.3,-2.61
2026-05-14,07:26:38,INFY.NS,Infosys,1089.5,1123.1,-33.6,-2.99
2026-05-14,07:26:38,WIPRO.NS,Wipro,187.22,187.8,-0.58,-0.31
2026-05-14,07:26:39,HDFCBANK.NS,HDFC Bank,770.55,749.6,20.95,2.79
2026-05-15,07:39:16,RELIANCE.NS,Reliance Industries,1336.9,1361.8,-24.9,-1.83
2026-05-15,07:39:16,TCS.NS,TCS,2283.3,2246.0,37.3,1.66
2026-05-15,07:39:16,INFY.NS,Infosys,1123.8,1095.0,28.8,2.63
2026-05-15,07:39:17,WIPRO.NS,Wipro,190.46,188.3,2.16,1.15
2026-05-15,07:39:17,HDFCBANK.NS,HDFC Bank,775.5,769.55,5.95,0.77
2026-05-18,08:29:02,RELIANCE.NS,Reliance Industries,1335.0,1336.4,-1.4,-0.1
2026-05-18,08:29:02,TCS.NS,TCS,2282.0,2264.0,18.0,0.8
2026-05-18,08:29:03,INFY.NS,Infosys,1137.7,1119.0,18.7,1.67
2026-05-18,08:29:03,WIPRO.NS,Wipro,191.84,190.0,1.84,0.97
2026-05-18,08:29:03,HDFCBANK.NS,HDFC Bank,773.25,767.5,5.75,0.75
2026-05-19,07:59:52,RELIANCE.NS,Reliance Industries,1333.8,1335.9,-2.1,-0.16
2026-05-19,07:59:52,TCS.NS,TCS,2331.6,2283.2,48.4,2.12
2026-05-19,07:59:52,INFY.NS,Infosys,1189.5,1142.5,47.0,4.11
2026-05-19,07:59:52,WIPRO.NS,Wipro,195.49,192.17,3.32,1.73
2026-05-19,07:59:53,HDFCBANK.NS,HDFC Bank,767.3,768.65,-1.35,-0.18
2026-05-20,07:58:58,RELIANCE.NS,Reliance Industries,1353.4,1322.7,30.7,2.32
2026-05-20,07:58:58,TCS.NS,TCS,2323.9,2327.1,-3.2,-0.14
2026-05-20,07:58:59,INFY.NS,Infosys,1190.6,1196.9,-6.3,-0.53
2026-05-20,07:58:59,WIPRO.NS,Wipro,196.27,195.17,1.1,0.56
2026-05-20,07:58:59,HDFCBANK.NS,HDFC Bank,757.15,762.45,-5.3,-0.7
2026-05-21,08:06:25,RELIANCE.NS,Reliance Industries,1352.9,1359.7,-6.8,-0.5
2026-05-21,08:06:26,TCS.NS,TCS,2324.3,2327.4,-3.1,-0.13
2026-05-21,08:06:26,INFY.NS,Infosys,1183.4,1193.7,-10.3,-0.86
2026-05-21,08:06:26,WIPRO.NS,Wipro,199.53,197.12,2.41,1.22
2026-05-21,08:06:26,HDFCBANK.NS,HDFC Bank,756.5,759.5,-3.0,-0.39
